**Source 7: APPROVED-September_2023_Minutes.pdf**

**File:** [APPROVED-September_2023_Minutes.pdf](https://storage.googleapis.com/wydot-documents-quiet-era-401008/wydot%20documents/APPROVED-September_2023_Minutes.pdf#page=13)
**Page:** 13
**Section:** CHAPTER 1
**Year:** 2023

**Preview:**
The days of the week for fatal crashes in 2023 are as follows: 
 
 Sunday    9 crashes  
 Monday    14 crashes  
 Tuesday    9 crashes  
 Wednesday    14 crashes  
 Thursday    4 crashes  
 Friday     14 crashes  
 Saturday    17 crashes  
     
The times of day for fatal crashes in 2023 are as foll